ray1,ray2,ray3,ray4,ray5,kartx,karty,kartz,time,action
-1,6.521043,4.61109,6.489725,4.588912,15.98893,0.2756149,3.105009,0.3733333,NONE
-1,6.52091,4.611073,6.489857,4.588929,15.98893,0.2757093,3.105008,0.4292294,NONE
-1,6.520908,4.611071,6.489859,4.588931,15.98893,0.2757232,3.105008,0.447533,NONE
-1,6.520905,4.611069,6.489862,4.588933,15.98893,0.2757326,3.105008,0.4656155,NONE
-1,6.520902,4.611067,6.489865,4.588934,15.98893,0.2757442,3.105008,0.5172799,NONE
-1,6.520896,4.611063,6.48987,4.588938,15.98894,0.2757459,3.10501,0.6017666,NONE
-1,6.520889,4.611057,6.489878,4.588944,15.98894,0.2757441,3.10501,0.7143378,NONE
-1,6.520883,4.611053,6.489885,4.588949,15.98895,0.2757438,3.105013,0.8067623,NONE
-1,6.520876,4.611048,6.489892,4.588953,15.98895,0.2757441,3.10502,0.9047573,ACCELERATE
-1,6.520871,4.611044,6.489897,4.588957,15.98896,0.2757442,3.105033,1.004062,ACCELERATE
-1,6.520868,4.611042,6.489899,4.588959,15.98896,0.2757438,3.105044,1.106302,ACCELERATE
-1,6.520868,4.611042,6.489899,4.588959,15.98896,0.2757441,3.105058,1.203766,ACCELERATE
-1,6.520868,4.611042,6.489899,4.588959,15.98896,0.2757437,3.105071,1.300773,ACCELERATE
-1,6.520868,4.611042,6.489899,4.588959,15.98896,0.2757442,3.105086,1.404554,ACCELERATE
-1,6.520868,4.611042,6.489899,4.588959,15.98896,0.2757437,3.105099,1.501214,ACCELERATE
-1,6.520868,4.611042,6.489899,4.588959,15.98896,0.275744,3.105114,1.606873,ACCELERATE
-1,6.520868,4.611042,6.489899,4.588959,15.98896,0.2757439,3.105124,1.703398,ACCELERATE
-1,6.520868,4.611042,6.489899,4.588959,15.98896,0.2757438,3.105138,1.804971,ACCELERATE
-1,6.520868,4.611042,6.489899,4.588959,15.98896,0.2757436,3.10515,1.907961,ACCELERATE
-1,6.520868,4.611042,6.489899,4.588959,15.98896,0.2757441,3.105164,2.005895,ACCELERATE
-1,6.520868,4.611042,6.489899,4.588959,15.98896,0.2757437,3.105175,2.103816,ACCELERATE
-1,6.520868,4.611042,6.489899,4.588959,15.98896,0.2757438,3.105185,2.20054,ACCELERATE
-1,6.520868,4.611042,6.489899,4.588959,15.98896,0.275744,3.105198,2.303689,ACCELERATE
-1,6.520868,4.611042,6.489899,4.588959,15.98896,0.2757443,3.105212,2.408788,ACCELERATE
-1,6.520868,4.611042,6.489899,4.588959,15.98896,0.275744,3.105225,2.502153,ACCELERATE
-1,6.520868,4.611042,6.489899,4.588959,15.98896,0.2757441,3.105237,2.60841,ACCELERATE
-1,6.520868,4.611042,6.489899,4.588959,15.98896,0.2757441,3.10525,2.706817,ACCELERATE
-1,6.520868,4.611042,6.489899,4.588959,15.98896,0.2757439,3.105263,2.803894,ACCELERATE
-1,6.520868,4.611042,6.489899,4.588959,15.98896,0.2757436,3.105274,2.906252,ACCELERATE
-1,6.520868,4.611042,6.489899,4.588959,15.98896,0.2757441,3.105288,3.002054,ACCELERATE
-1,6.520886,4.611039,6.489881,4.588962,15.98896,0.2757268,3.143234,3.10124,ACCELERATE
-1,6.520946,4.61103,6.489821,4.588972,15.98897,0.2757049,3.342028,3.208418,ACCELERATE
-1,6.521013,4.611023,6.489755,4.588978,15.98898,0.2756981,3.650717,3.303043,ACCELERATE
-1,6.521185,4.611028,6.489583,4.588974,15.98897,0.284536,4.11268,3.405185,ACCELERATE
-1,6.521391,4.611063,6.489378,4.588938,15.98893,0.2788625,4.693657,3.506438,ACCELERATE
-1,6.521529,4.611132,6.48924,4.58887,15.98886,0.2795754,5.400068,3.608133,ACCELERATE
-1,6.521676,4.611191,6.489094,4.58881,15.9888,0.2787611,6.142183,3.700962,ACCELERATE
-1,6.521871,4.611265,6.488899,4.588736,15.98873,0.2793572,7.056198,3.803031,ACCELERATE
-1,6.522071,4.611347,6.488701,4.588654,15.98865,0.2791052,8.065826,3.905382,ACCELERATE
-1,6.522306,4.611441,6.488466,4.588561,15.98855,0.2792104,9.109492,4.003361,ACCELERATE
-1,6.522567,4.611554,6.488206,4.588447,15.98843,0.279136,10.22858,4.102005,ACCELERATE
-1,6.522864,4.611691,6.48791,4.588311,15.9883,0.2791794,11.40497,4.200386,ACCELERATE
-1,6.523216,4.61186,6.487558,4.588141,15.98812,0.2791587,12.74818,4.307638,ACCELERATE
-1,6.523591,4.612048,6.487185,4.587953,15.98793,0.27916,14.10652,4.411913,ACCELERATE
-1,6.523966,4.612243,6.486809,4.587759,15.98773,0.2791587,15.36004,4.505203,ACCELERATE
-1,6.524405,4.612476,6.486371,4.587525,15.9875,0.2791605,16.68554,4.601396,ACCELERATE
-1,6.524903,4.612748,6.485874,4.587253,15.98723,0.2791587,18.15128,4.705376,ACCELERATE
-1,6.525402,4.613026,6.485376,4.586976,15.98695,0.279159,19.54918,4.802659,ACCELERATE
-1,6.525955,4.61334,6.484824,4.586662,15.98663,0.2791581,20.9967,4.901802,ACCELERATE
-1,6.526546,4.61368,6.484233,4.586322,15.98629,0.2791581,22.47206,5.001478,ACCELERATE
-1,6.527183,4.614052,6.483597,4.585949,15.98592,0.2791584,23.9653,5.101737,ACCELERATE
-1,6.527843,4.614443,6.48294,4.585558,15.98552,0.2791609,25.44662,5.201187,ACCELERATE
-1,6.528548,4.614865,6.482236,4.585136,15.9851,0.279159,26.94791,5.301975,ACCELERATE
-1,6.529268,4.615301,6.481518,4.584702,15.98466,0.2791607,28.42121,5.400885,ACCELERATE
-1,6.53004,4.615771,6.480747,4.584231,15.98419,0.2791596,29.9272,5.501989,ACCELERATE
-1,6.530842,4.616263,6.479945,4.583739,15.9837,0.2791602,31.41974,5.602191,ACCELERATE
-1,6.519751,4.616778,6.490333,4.583224,15.98317,0.2791597,32.93348,5.703815,ACCELERATE
-1,6.446281,4.617313,6.605381,4.582689,15.98264,0.2791599,34.39724,5.802084,ACCELERATE
-1,6.28002,4.617889,6.955041,4.582113,15.98204,0.2791599,35.97791,5.908202,ACCELERATE
-1,6.125073,4.62358,7.409694,4.574468,15.96553,0.2791599,37.40456,6.004006,LEFT_ACCELERATE
-1,6.252158,4.680483,7.189248,4.521258,15.83285,0.2791718,38.94501,6.107978,LEFT_ACCELERATE
-1,6.65,4.836243,6.48895,4.386365,15.53549,0.2791812,40.32993,6.203303,LEFT_ACCELERATE
-1,6.890051,5.045918,6.16485,4.174205,15.07809,0.2791733,41.7828,6.305658,LEFT_ACCELERATE
-1,6.755691,5.17263,6.57104,4.030159,14.62849,0.2791646,43.13203,6.401152,ACCELERATE
-1,6.440406,5.193414,8.02601,4.022623,14.18148,0.2791616,44.54058,6.50037,ACCELERATE
-1,6.003829,5.093576,-1,4.186796,13.69946,0.2791604,46.09313,6.609514,LEFT_ACCELERATE
-1,5.750597,4.94808,-1,4.367634,13.2357,0.2791637,47.37358,6.701031,LEFT_ACCELERATE
-1,5.682651,4.791323,-1,4.480816,12.56056,0.2791871,48.73375,6.803235,LEFT_ACCELERATE
-1,5.918604,4.752674,-1,4.455009,11.62823,0.279211,50.00378,6.909468,LEFT_ACCELERATE
-1,6.410056,4.88309,7.269559,4.317891,10.62907,0.2792178,50.93142,7.00146,LEFT_ACCELERATE
-1,7.246391,5.211469,5.672414,4.063036,9.357036,0.2792196,51.73231,7.103046,LEFT_ACCELERATE
-1,8.350675,5.730833,4.518054,3.676353,7.938444,0.2792096,52.29174,7.20616,LEFT_ACCELERATE
-1,8.32431,6.309201,3.694869,3.165119,6.469958,0.2791913,52.64555,7.308023,LEFT_ACCELERATE
-1,7.128944,6.352785,3.160902,2.672623,5.072267,0.2791745,52.88964,7.403337,LEFT_ACCELERATE
-1,7.06669,6.275836,2.849585,2.204854,3.588843,0.2791685,53.16322,7.504664,RIGHT_ACCELERATE
-1,8.281219,7.186349,3.069942,2.033703,2.176685,0.2791754,53.53428,7.602846,RIGHT_ACCELERATE
-1,8.161341,7.109174,4.279923,2.205783,0.7140739,0.2791768,54.10527,7.708465,RIGHT_ACCELERATE
-1,7.410316,6.860785,6.356001,2.644573,-0.6006044,0.2791664,54.71492,7.805787,ACCELERATE
-1,6.794128,6.509106,8.044559,3.166821,-1.886052,0.2791625,55.31213,7.900948,ACCELERATE
-1,6.084833,6.027052,9.903706,3.8648,-3.330591,0.2791603,55.97433,8.007632,LEFT_ACCELERATE
-1,5.558336,5.490342,-1,4.417199,-4.623854,0.2791607,56.52419,8.102028,LEFT_ACCELERATE
-1,5.214971,4.879961,-1,4.81321,-6.083239,0.279169,56.99923,8.205215,LEFT_ACCELERATE
-1,4.843523,4.428985,-1,5.186606,-7.574843,0.279164,57.39698,8.308874,ACCELERATE
-1,4.429046,4.042148,-1,5.567329,-8.93155,0.2791624,57.76313,8.403218,LEFT_ACCELERATE
-1,4.143206,3.642515,-1,-1,-10.35026,0.2791617,58.09944,8.501164,LEFT_ACCELERATE
-1,4.035724,3.356886,-1,-1,-11.86717,0.2791675,58.33475,8.604301,LEFT_ACCELERATE
-1,3.07494,2.387429,-1,-1,-13.38992,0.279173,58.45561,8.707003,LEFT_ACCELERATE
-1,0.7740574,0.5599597,-1,-1,-14.77688,0.2791788,58.4236,8.800301,LEFT_ACCELERATE
-1,3.75328,2.981185,-1,-1,-16.30901,0.2791917,58.18879,8.904648,LEFT_ACCELERATE
-1,6.021984,5.162123,6.935839,3.863262,-17.72981,0.2791795,57.80645,9.003561,LEFT_ACCELERATE
-1,5.88518,5.167955,7.971084,4.337498,-19.18403,0.2791685,57.36556,9.105607,ACCELERATE
-1,5.517101,4.761914,8.19031,4.707042,-20.56033,0.2791653,56.99593,9.201344,RIGHT_ACCELERATE
-1,4.131801,3.320093,-1,-1,-22.1161,0.2791802,56.73306,9.307488,RIGHT_ACCELERATE
-1,2.024512,1.521059,-1,-1,-23.5602,0.2791751,56.65345,9.404738,RIGHT_ACCELERATE
-1,1.438736,1.061434,-1,-1,-24.98898,0.2791659,56.63406,9.500689,ACCELERATE
-1,1.618153,1.200148,-1,-1,-26.58568,0.2791612,56.59646,9.607927,LEFT_ACCELERATE
-1,3.038796,2.355505,-1,-1,-28.06901,0.2791624,56.47925,9.707905,LEFT_ACCELERATE
-1,4.009376,3.206242,-1,-1,-29.48799,0.2791649,56.29504,9.804012,LEFT_ACCELERATE
-1,5.911402,4.637151,5.65932,-1,-30.99161,0.2791687,55.97593,9.907336,LEFT_ACCELERATE
-1,6.551844,4.775207,5.374493,4.553725,-32.37805,0.2791637,55.61228,10.00358,ACCELERATE
9.84371,6.588365,5.109389,4.898505,4.366019,-33.85137,0.2791618,55.23464,10.10569,LEFT_ACCELERATE
8.895253,7.478324,5.491581,4.478208,4.080807,-35.2415,0.2791606,54.84211,10.20271,LEFT_ACCELERATE
8.161764,8.848905,5.891419,4.064411,3.736717,-36.68075,0.279168,54.33071,10.30536,LEFT_ACCELERATE
8.111343,-1,6.110185,3.808442,3.410192,-38.04592,0.2791898,53.65418,10.40792,LEFT_ACCELERATE
8.866852,-1,6.13202,3.790271,3.217453,-39.1805,0.2792108,52.8406,10.50202,LEFT_ACCELERATE
-1,-1,6.036107,4.040875,3.182704,-40.2174,0.2792184,51.74993,10.60359,LEFT_ACCELERATE
-1,-1,5.850266,4.597777,3.356072,-41.03897,0.2792187,50.45057,10.70751,LEFT_ACCELERATE
-1,8.195968,5.603747,5.315465,3.680087,-41.59357,0.2792057,49.09225,10.80665,LEFT_ACCELERATE
-1,7.151161,5.261326,5.992562,4.065331,-41.9652,0.2791871,47.74264,10.90094,LEFT_ACCELERATE
-1,6.697022,4.832497,6.404028,4.451719,-42.30925,0.2791727,46.19583,11.00738,LEFT_ACCELERATE
-1,6.930809,4.55632,6.342618,4.656171,-42.64642,0.2791643,44.77943,11.10516,ACCELERATE
-1,7.568137,4.454949,6.137476,4.742591,-43.01657,0.2791622,43.36128,11.20357,ACCELERATE
-1,8.415105,4.510585,5.828118,4.724719,-43.41798,0.2791604,41.90453,11.30502,ACCELERATE
-1,9.277744,4.705445,5.443496,4.603412,-43.82792,0.279161,40.46466,11.40553,LEFT_ACCELERATE
-1,9.617251,4.97298,5.087687,4.38594,-44.22073,0.2791604,38.99618,11.50762,LEFT_ACCELERATE
-1,9.043653,5.149173,4.999433,4.184837,-44.47258,0.2791676,37.62958,11.60104,LEFT_ACCELERATE
-1,8.162316,5.214108,5.195589,4.028716,-44.59357,0.2791831,36.12944,11.70229,LEFT_ACCELERATE
-1,7.192444,5.138688,5.804602,4.06181,-44.52576,0.2791858,34.6424,11.80244,LEFT_ACCELERATE
-1,6.160032,4.950961,7.100071,4.334523,-44.27605,0.2791983,33.19028,11.90164,LEFT_ACCELERATE
-1,5.146765,4.607197,9.46462,4.912608,-43.80782,0.2791901,31.73635,12.00444,LEFT_ACCELERATE
-1,4.351569,4.101597,-1,5.595014,-43.23912,0.2791721,30.33996,12.10574,RIGHT_ACCELERATE
-1,3.854101,3.522761,-1,6.063065,-42.74216,0.2791714,28.94753,12.20513,RIGHT_ACCELERATE
-1,3.645325,3.089782,-1,6.290057,-42.40862,0.2791869,27.53573,12.30275,RIGHT_ACCELERATE
-1,3.868186,2.89895,9.503184,6.317519,-42.2937,0.279208,26.06506,12.40216,RIGHT_ACCELERATE
-1,4.850341,3.055938,7.904606,6.198535,-42.46234,0.2792115,24.5648,12.50397,RIGHT_ACCELERATE
-1,6.567812,3.51879,6.770398,5.947458,-42.86246,0.2791966,23.14282,12.60346,RIGHT_ACCELERATE
-1,8.7437,4.151506,5.889065,5.532269,-43.39386,0.279181,21.78707,12.70134,RIGHT_ACCELERATE
-1,-1,4.766924,5.221969,4.960083,-43.97905,0.2791647,20.361,12.80487,LEFT_ACCELERATE
-1,-1,5.235287,4.760002,4.349747,-44.46246,0.2791631,18.91663,12.90724,LEFT_ACCELERATE
-1,-1,5.638557,4.323415,3.924955,-44.88443,0.2791602,17.48402,13.00751,ACCELERATE
-1,-1,6.045799,3.874894,3.517074,-45.27393,0.2791603,16.14382,13.10121,ACCELERATE
-1,-1,6.498414,3.376218,3.064226,-45.68612,0.2791593,14.71391,13.20112,LEFT_ACCELERATE
-1,-1,6.84476,2.984598,2.631196,-46.07397,0.2791616,13.21596,13.30506,LEFT_ACCELERATE
-1,-1,6.968612,2.865132,2.344218,-46.29763,0.2791757,11.82234,13.4,LEFT_ACCELERATE
-1,9.939396,6.925086,3.172072,2.275905,-46.31564,0.2792022,10.29458,13.50294,LEFT_ACCELERATE
-1,8.175434,6.76177,4.376755,2.569721,-46.02576,0.2792149,8.739446,13.60967,LEFT_ACCELERATE
-1,6.934007,6.501292,6.661777,3.175123,-45.52552,0.2792045,7.425866,13.70446,LEFT_ACCELERATE
-1,5.921971,6.051932,-1,4.0188,-44.86508,0.2791735,6.165971,13.80015,RIGHT_ACCELERATE
-1,5.215615,5.255479,-1,4.741008,-44.1865,0.2791719,4.809509,13.90211,RIGHT_ACCELERATE
-1,4.742651,4.526431,-1,5.220003,-43.63205,0.2791691,3.359357,14.00649,RIGHT_ACCELERATE
-1,4.238944,4.001488,-1,5.701004,-43.15748,0.2791635,1.937521,14.10714,ACCELERATE
-1,3.715574,3.507055,-1,6.195011,-42.68496,0.2791608,0.5184698,14.20755,ACCELERATE
9.563645,3.258725,3.035685,-1,6.616668,-42.25752,0.2791612,-0.809994,14.30126,RIGHT_ACCELERATE
-1,2.950005,2.590444,-1,6.874778,-41.89384,0.2791682,-2.285746,14.40344,RIGHT_ACCELERATE
-1,2.758723,2.301249,-1,7.04611,-41.64944,0.2791734,-3.77699,14.50497,RIGHT_ACCELERATE
-1,2.846287,2.162077,-1,7.063253,-41.55733,0.2791873,-5.314863,14.60863,RIGHT_ACCELERATE
-1,3.216594,2.228806,9.667274,6.973049,-41.64025,0.2791841,-6.700831,14.70202,RIGHT_ACCELERATE
-1,3.636634,2.403484,9.048309,6.816131,-41.81376,0.2791689,-8.198785,14.80329,RIGHT_ACCELERATE
-1,3.895403,2.569457,8.814293,6.651273,-41.97635,0.2791619,-9.703502,14.90491,ACCELERATE
-1,4.097034,2.703595,8.639397,6.516893,-42.10914,0.2791596,-11.12849,15.001,ACCELERATE
-1,4.29372,2.83431,8.468279,6.385993,-42.23645,0.2791604,-12.64811,15.10338,ACCELERATE
-1,4.331106,2.925423,8.505772,6.283796,-42.32735,0.2791606,-14.09445,15.20071,LEFT_ACCELERATE
-1,4.113498,2.925534,8.925368,6.274621,-42.32243,0.2791627,-15.58661,15.30095,LEFT_ACCELERATE
-1,4.031493,2.88765,9.034925,6.313124,-42.28439,0.2791617,-17.06661,15.40035,ACCELERATE
-1,3.983402,2.853161,8.996781,6.34761,-42.25035,0.2791604,-18.65894,15.50728,ACCELERATE
-1,3.945189,2.825607,8.862122,6.375157,-42.22301,0.2791606,-20.14139,15.60682,ACCELERATE
-1,3.963531,2.801289,8.64491,6.399471,-42.19893,0.2791603,-21.59362,15.70433,ACCELERATE
-1,4.131294,2.778731,8.360635,6.422145,-42.17623,0.2791601,-23.02461,15.80041,LEFT_ACCELERATE
-1,4.234013,2.757027,8.240474,6.440981,-42.09882,0.2791618,-24.58976,15.90569,LEFT_ACCELERATE
-1,3.945097,2.676545,8.482924,6.528146,-41.85807,0.2791821,-26.09677,16.00838,LEFT_ACCELERATE
-1,3.537012,2.511261,8.841261,6.705551,-41.45267,0.2791808,-27.46,16.10408,LEFT_ACCELERATE
-1,3.344865,2.316284,8.88354,6.887907,-40.91945,0.2791716,-28.86669,16.20514,LEFT_ACCELERATE
-1,3.615463,2.235917,8.541945,6.963173,-40.38914,0.2791642,-30.25668,16.30503,ACCELERATE
-1,4.467465,2.322126,8.074226,6.928051,-39.88502,0.2791614,-31.63838,16.40378,ACCELERATE
-1,-1,2.585195,7.514064,6.784858,-39.37942,0.2791609,-33.06294,16.50527,LEFT_ACCELERATE
-1,-1,2.932687,7.05114,6.540297,-38.87128,0.279162,-34.40067,16.60138,LEFT_ACCELERATE
-1,-1,3.295216,6.681693,6.194928,-38.19373,0.2791774,-35.7756,16.7045,LEFT_ACCELERATE
-1,-1,3.5165,6.549092,5.870703,-37.31641,0.2792043,-37.025,16.80737,LEFT_ACCELERATE
-1,8.78045,3.55942,6.695624,5.709533,-36.2459,0.2792108,-38.06259,16.90793,LEFT_ACCELERATE
-1,7.084833,3.532069,6.877943,5.697215,-35.04302,0.279196,-38.90365,17.0068,LEFT_ACCELERATE
-1,6.197663,3.461631,7.11695,5.751765,-33.7289,0.2792003,-39.59523,17.10678,LEFT_ACCELERATE
-1,5.049424,3.290359,7.709979,5.922127,-32.32182,0.2792095,-40.06877,17.20684,LEFT_ACCELERATE
-1,4.32991,3.061113,7.084183,6.199563,-30.95594,0.2791923,-40.32023,17.30034,LEFT_ACCELERATE
-1,3.897521,2.772526,5.32006,4.447677,-29.40139,0.2791749,-40.48115,17.40535,RIGHT_ACCELERATE
-1,4.276466,2.645098,6.230509,5.374957,-27.88592,0.2791719,-40.70754,17.50838,RIGHT_ACCELERATE
-1,5.647827,2.838795,7.451783,6.524411,-26.53975,0.2791875,-41.06638,17.60214,RIGHT_ACCELERATE
-1,8.33198,3.434839,6.536235,6.296396,-25.18884,0.2791816,-41.61719,17.70031,RIGHT_ACCELERATE
-1,-1,4.239375,5.714039,5.826009,-23.83824,0.2791694,-42.28562,17.80153,LEFT_ACCELERATE
-1,-1,4.893724,5.07921,5.144656,-22.47935,0.2791615,-42.92753,17.90249,LEFT_ACCELERATE
-1,-1,5.468091,4.504346,4.486368,-21.06463,0.2791609,-43.51018,18.00523,LEFT_ACCELERATE
-1,-1,5.984053,3.971935,3.874626,-19.72474,0.2791618,-44.02626,18.10165,LEFT_ACCELERATE
9.176419,-1,6.496078,3.433228,3.300935,-18.25985,0.2791614,-44.53902,18.20586,LEFT_ACCELERATE
9.030248,-1,-1,3.037776,2.818462,-16.91801,0.2791628,-44.95187,18.30016,LEFT_ACCELERATE
8.182253,-1,-1,2.612556,2.386075,-15.44789,0.2791619,-45.348,18.40238,LEFT_ACCELERATE
7.757144,-1,-1,2.236176,1.986048,-13.98446,0.2791623,-45.71154,18.50366,LEFT_ACCELERATE
9.067976,-1,-1,2.018228,1.692383,-12.46597,0.2791658,-45.96725,18.60713,LEFT_ACCELERATE
9.424483,-1,-1,1.840319,1.495983,-11.03949,0.2791667,-46.14718,18.70369,LEFT_ACCELERATE
-1,-1,-1,1.970171,1.479788,-9.517598,0.2791767,-46.21433,18.80615,LEFT_ACCELERATE
-1,2.434403,1.572839,2.711594,2.082844,-8.007998,0.2792024,-46.06047,18.90837,LEFT_ACCELERATE
-1,3.734754,1.966996,6.985366,6.219491,-6.626522,0.2792164,-45.65614,19.00546,LEFT_ACCELERATE
-1,6.29792,2.810464,7.141816,7.30822,-5.298012,0.2792122,-44.97907,19.10614,LEFT_ACCELERATE
-1,9.052926,3.90314,6.022811,6.853689,-4.122483,0.279191,-44.13826,19.20355,RIGHT_ACCELERATE
-1,-1,4.80842,5.169966,5.896163,-2.95383,0.2791634,-43.27346,19.30126,RIGHT_ACCELERATE
-1,9.394421,5.285737,4.682902,4.739102,-1.663774,0.2791804,-42.50819,19.40218,RIGHT_ACCELERATE
-1,8.692206,5.578228,4.522333,3.962784,-0.2361653,0.2791724,-41.86258,19.50751,RIGHT_ACCELERATE
-1,8.436934,5.796069,4.440123,3.574989,1.077121,0.2791636,-41.31995,19.60292,ACCELERATE
-1,8.16409,5.96863,4.510507,3.300416,2.512974,0.2791606,-40.71846,19.70744,ACCELERATE
-1,7.816106,6.037472,4.874543,3.17512,3.889693,0.2791605,-40.13444,19.80783,LEFT_ACCELERATE
-1,7.594335,6.052387,5.265536,3.154015,5.199062,0.2791624,-39.52946,19.90473,LEFT_ACCELERATE
-1,7.62174,6.081435,5.22417,3.122998,6.443073,0.2791733,-38.80408,20.0016,LEFT_ACCELERATE
-1,7.556266,6.133768,5.391789,3.074126,7.640449,0.279173,-37.94368,20.10069,LEFT_ACCELERATE
-1,7.150291,6.102683,7.112012,3.157929,8.907069,0.2791633,-36.99217,20.20706,LEFT_ACCELERATE
-1,6.769619,5.964689,-1,3.371314,10.04594,0.2791629,-36.11411,20.30363,LEFT_ACCELERATE
-1,6.540654,5.757755,-1,3.581694,11.17605,0.2791756,-35.07482,20.4069,LEFT_ACCELERATE
-1,6.578003,5.603823,8.856555,3.668592,12.11712,0.2791999,-33.91186,20.50769,LEFT_ACCELERATE
-1,6.759203,5.569436,7.182349,3.654403,12.85151,0.2791956,-32.63204,20.60706,LEFT_ACCELERATE
-1,7.059309,5.624049,6.157041,3.58177,13.39102,0.2792047,-31.30229,20.7037,LEFT_ACCELERATE
-1,7.72588,5.815115,5.009305,3.400107,13.71104,0.2792113,-29.86725,20.80281,LEFT_ACCELERATE
-1,8.498457,6.143017,4.198711,3.110339,13.8116,0.2791944,-28.38516,20.90283,LEFT_ACCELERATE
-1,8.926733,6.449679,3.786414,2.785686,13.81604,0.2791694,-26.8566,21.00556,RIGHT_ACCELERATE
-1,8.393112,6.531984,4.16037,2.669936,13.93533,0.2791772,-25.38522,21.10485,RIGHT_ACCELERATE
-1,7.607061,6.445962,5.181252,2.882207,14.22166,0.2791751,-23.94016,21.20395,RIGHT_ACCELERATE
-1,7.049395,6.197357,6.137038,3.248238,14.58824,0.2791667,-22.54211,21.30101,ACCELERATE
-1,6.584942,5.82864,6.915015,3.658504,14.98094,0.279161,-21.05006,21.40459,ACCELERATE
-1,6.24293,5.421554,7.356128,4.014844,15.34191,0.2791609,-19.56046,21.50753,LEFT_ACCELERATE
-1,6.292148,5.096346,6.95141,4.200459,15.571,0.2791685,-18.06434,21.60932,LEFT_ACCELERATE
-1,6.378887,4.954712,6.729313,4.289786,15.67782,0.2791656,-16.6643,21.70363,LEFT_ACCELERATE
-1,6.267436,4.848068,6.855896,4.392439,15.78891,0.2791622,-15.06363,21.81136,ACCELERATE
-1,6.130162,4.742565,7.022,4.498076,15.89557,0.2791614,-13.69647,21.90342,ACCELERATE
-1,5.960176,4.611739,7.227746,4.629043,16.02708,0.2791603,-12.1269,22.00916,RIGHT_ACCELERATE
-1,5.625668,4.469863,7.746462,4.800214,16.19301,0.2791622,-10.64489,22.10933,RIGHT_ACCELERATE
-1,5.277333,4.258302,8.287169,5.032875,16.40125,0.2791605,-9.235521,22.20498,ACCELERATE
-1,5.013769,4.046019,8.638051,5.245299,16.61181,0.2791605,-7.802846,22.30219,ACCELERATE
-1,4.735727,3.821426,9.007092,5.469807,16.83266,0.2791596,-6.280334,22.40548,ACCELERATE
-1,4.552491,3.612086,9.111431,5.656219,17.0272,0.2791608,-4.792018,22.50627,LEFT_ACCELERATE
-1,4.69693,3.494155,8.531093,5.718307,17.11213,0.2791663,-3.291526,22.60731,LEFT_ACCELERATE
-1,4.846441,3.491395,8.230259,5.710233,17.1085,0.2791642,-1.818533,22.70622,ACCELERATE
-1,4.85256,3.494499,8.222508,5.707064,17.10633,0.2791614,-0.3799009,22.80281,ACCELERATE
-1,4.841051,3.486772,8.235057,5.714818,17.11491,0.2791609,1.178517,22.90744,ACCELERATE
-1,4.820201,3.472149,8.25713,5.729461,17.12974,0.2791609,2.650434,23.00626,ACCELERATE
-1,4.793513,3.453157,8.285094,5.748465,17.1492,0.2791602,4.144918,23.1066,ACCELERATE
-1,4.76211,3.430668,8.317853,5.770961,17.17187,0.2791605,5.657638,23.20817,ACCELERATE
-1,4.730191,3.407739,8.351072,5.793893,17.19504,0.2791603,7.082572,23.30384,ACCELERATE
-1,4.693466,3.38131,8.389243,5.820323,17.2215,0.2791602,8.627772,23.40759,ACCELERATE
-1,4.658353,3.356014,8.425706,5.84562,17.24658,0.2791606,10.04475,23.50274,ACCELERATE
-1,4.619904,3.328297,8.465611,5.873336,17.27462,0.2791602,11.59557,23.60687,ACCELERATE
-1,4.583541,3.302073,8.503334,5.899557,17.30083,0.2791606,13.02567,23.7029,ACCELERATE
-1,4.544802,3.274129,8.54351,5.9275,17.32895,0.2791609,14.54543,23.80494,ACCELERATE
-1,4.507814,3.247444,8.581862,5.954184,17.35542,0.2791593,15.96856,23.9005,ACCELERATE
-1,4.468246,3.218894,8.622883,5.982731,17.38411,0.2791599,17.50502,24.00367,ACCELERATE
-1,4.43116,3.192134,8.661325,6.009489,17.41067,0.2791686,18.9243,24.10162,NONE
-1,4.393941,3.165285,8.699913,6.036336,17.43748,0.2791747,20.35607,24.20714,NONE
-1,4.361467,3.14186,8.733582,6.059759,17.46049,0.2791777,21.58319,24.30377,NONE
-1,4.330087,3.119225,8.766115,6.082392,17.48312,0.2791811,22.79046,24.40549,NONE
-1,4.302041,3.098995,8.795191,6.10262,17.50325,0.2791833,23.86373,24.5025,NONE
-1,4.273949,3.078733,8.824314,6.122881,17.52341,0.2791862,24.93942,24.60726,NONE
-1,4.250035,3.061486,8.849105,6.140128,17.54055,0.2791889,25.85427,24.7035,NONE
-1,4.227706,3.04538,8.872253,6.156231,17.55667,0.2791919,26.71464,24.8014,NONE
-1,4.205189,3.029142,8.895596,6.172469,17.57317,0.279194,27.59607,24.91098,NONE
-1,4.187251,3.016206,8.914191,6.185404,17.58592,0.2791971,28.27732,25.00368,NONE
-1,4.169698,3.003548,8.93239,6.198061,17.5981,0.2791983,28.92819,25.10063,NONE
-1,4.153684,2.992,8.948995,6.209608,17.60949,0.2792004,29.53708,25.20089,NONE
-1,4.139483,2.981762,8.96372,6.219846,17.61972,0.2792015,30.08462,25.30149,NONE
-1,4.125964,2.972017,8.978358,6.22959,17.62963,0.27499,30.61457,25.41177,NONE
-1,4.116116,2.964918,9.000653,6.236688,17.63679,0.2752177,30.99731,25.5025,NONE
-1,4.105796,2.95748,9.024011,6.244126,17.64358,0.275578,31.36074,25.60127,NONE
-1,4.097049,2.951177,9.060818,6.250429,17.64978,0.275708,31.69226,25.7077,NONE
-1,4.090737,2.94663,9.091856,6.254977,17.65452,0.275736,31.94552,25.80608,NONE
-1,4.085122,2.942585,9.119463,6.259021,17.65822,0.275743,32.1435,25.90125,NONE
-1,6.521043,4.61109,6.489725,4.588912,15.98893,0.2756149,3.105009,0.3733333,NONE
-1,6.52091,4.611073,6.489857,4.588929,15.98893,0.2756841,3.105008,0.407409,NONE
-1,6.520908,4.611071,6.489859,4.588931,15.98893,0.2757024,3.105008,0.4214746,NONE
-1,6.520907,4.611071,6.489859,4.588931,15.98893,0.2757086,3.105008,0.4283019,NONE
-1,6.520902,4.611067,6.489864,4.588934,15.98893,0.2757426,3.105007,0.5011284,NONE
-1,6.520895,4.611062,6.489871,4.588939,15.98894,0.2757463,3.105017,0.6078331,NONE
-1,6.520889,4.611057,6.489878,4.588944,15.98894,0.2757442,3.105018,0.7004561,NONE
-1,6.520884,4.611053,6.489883,4.588948,15.98895,0.2757449,3.10503,0.8013289,NONE
-1,6.520876,4.611048,6.489892,4.588953,15.98895,0.2757445,3.10505,0.9016684,NONE
-1,6.520871,4.611044,6.489897,4.588957,15.98896,0.2757442,3.105067,1.002361,NONE
-1,6.520868,4.611042,6.489899,4.588959,15.98896,0.2757444,3.105086,1.101996,NONE
-1,6.520868,4.611042,6.489899,4.588959,15.98896,0.2757441,3.105102,1.20391,NONE
-1,6.520868,4.611042,6.489899,4.588959,15.98896,0.2757445,3.105121,1.30679,NONE
-1,6.520868,4.611042,6.489899,4.588959,15.98896,0.2757444,3.105138,1.406247,NONE
-1,6.520868,4.611042,6.489899,4.588959,15.98896,0.2757444,3.105154,1.506167,NONE
-1,6.520868,4.611042,6.489899,4.588959,15.98896,0.2757446,3.105173,1.606677,NONE
-1,6.520868,4.611042,6.489899,4.588959,15.98896,0.2757444,3.10519,1.705567,NONE
-1,6.520868,4.611042,6.489899,4.588959,15.98896,0.2757442,3.105206,1.804577,NONE
-1,6.520868,4.611042,6.489899,4.588959,15.98896,0.2757445,3.105226,1.905515,NONE
-1,6.520868,4.611042,6.489899,4.588959,15.98896,0.2757441,3.105242,2.006177,NONE
-1,6.520868,4.611042,6.489899,4.588959,15.98896,0.2757447,3.105259,2.101538,NONE
-1,6.520868,4.611042,6.489899,4.588959,15.98896,0.2757445,3.105277,2.202694,NONE
-1,6.520868,4.611042,6.489899,4.588959,15.98896,0.2757442,3.105295,2.300074,NONE
-1,6.520868,4.611042,6.489899,4.588959,15.98896,0.2757445,3.105311,2.40365,NONE
-1,6.520868,4.611042,6.489899,4.588959,15.98896,0.2757444,3.105331,2.506345,NONE
-1,6.520868,4.611042,6.489899,4.588959,15.98896,0.2757441,3.105345,2.603031,NONE
-1,6.520868,4.611042,6.489899,4.588959,15.98896,0.2757442,3.105364,2.706141,NONE
-1,6.520868,4.611042,6.489899,4.588959,15.98896,0.2757439,3.105381,2.802231,NONE
-1,6.520868,4.611042,6.489899,4.588959,15.98896,0.275744,3.105396,2.903756,NONE
-1,6.520868,4.611042,6.489899,4.588959,15.98896,0.2757444,3.105415,3.00064,NONE
-1,6.520868,4.611042,6.489899,4.588959,15.98896,0.2757442,3.105432,3.10313,NONE
-1,6.520868,4.611042,6.489899,4.588959,15.98896,0.2757439,3.105447,3.201293,NONE
-1,6.520868,4.611042,6.489899,4.588959,15.98896,0.2757447,3.105468,3.304641,NONE
-1,6.520871,4.611042,6.489896,4.588959,15.98896,0.2757395,3.11263,3.401617,ACCELERATE
-1,6.52092,4.611033,6.489846,4.588968,15.98897,0.2757111,3.241136,3.504654,ACCELERATE
-1,6.520984,4.611025,6.489783,4.588976,15.98898,0.2757004,3.505322,3.603019,ACCELERATE
-1,6.521063,4.61102,6.489705,4.588981,15.98898,0.275696,3.923002,3.705959,ACCELERATE
-1,6.521181,4.611042,6.489587,4.588959,15.98896,0.2773753,4.41738,3.800227,ACCELERATE
-1,6.521502,4.611105,6.489266,4.588896,15.98889,0.2803904,5.074408,3.90326,ACCELERATE
-1,6.521614,4.611167,6.489155,4.588834,15.98883,0.2787229,5.822371,4.00228,ACCELERATE
-1,6.5218,4.611236,6.488971,4.588766,15.98876,0.2793395,6.71046,4.105649,ACCELERATE
-1,6.52198,4.611311,6.488791,4.58869,15.98868,0.2790167,7.615594,4.200819,ACCELERATE
-1,6.522207,4.6114,6.488565,4.588602,15.98859,0.2792514,8.640512,4.300168,ACCELERATE
-1,6.522471,4.611513,6.488301,4.588488,15.98848,0.2791409,9.801321,4.40498,ACCELERATE
-1,6.52275,4.611637,6.488022,4.588364,15.98835,0.2791814,10.94213,4.502219,ACCELERATE
-1,6.523079,4.611794,6.487695,4.588208,15.98819,0.2791596,12.25495,4.608771,ACCELERATE
-1,6.523427,4.611965,6.487347,4.588036,15.98802,0.279165,13.46743,4.703303,ACCELERATE
-1,6.523818,4.612165,6.486957,4.587836,15.98782,0.2791581,14.80307,4.804048,ACCELERATE
-1,6.52423,4.612383,6.486545,4.587618,15.9876,0.2791611,16.12656,4.901094,ACCELERATE
-1,6.524696,4.612635,6.48608,4.587367,15.98735,0.2791592,17.52694,5.001347,ACCELERATE
-1,6.525213,4.61292,6.485565,4.587081,15.98706,0.2791583,18.99684,5.104403,ACCELERATE
-1,6.525746,4.613221,6.485033,4.586782,15.98676,0.2791583,20.44302,5.204036,ACCELERATE
-1,6.526316,4.613547,6.484464,4.586455,15.98643,0.2791589,21.87611,5.301353,ACCELERATE
-1,6.526963,4.613923,6.483816,4.586078,15.98605,0.2791584,23.45001,5.407129,ACCELERATE
-1,6.527607,4.614303,6.483175,4.585699,15.98567,0.2791597,24.90462,5.504787,ACCELERATE
-1,6.528277,4.614703,6.482507,4.585299,15.98527,0.2791606,26.34912,5.601764,ACCELERATE
-1,6.52897,4.61512,6.481815,4.584882,15.98484,0.2791596,27.8142,5.700122,ACCELERATE
-1,6.529771,4.615607,6.481015,4.584395,15.98436,0.2791602,29.38028,5.80526,ACCELERATE
-1,6.530524,4.616067,6.480263,4.583935,15.9839,0.27916,30.81119,5.901325,ACCELERATE
-1,6.531383,4.616596,6.479406,4.583406,15.98337,0.2791602,32.37298,6.006176,ACCELERATE
-1,6.492851,4.617111,6.544211,4.582891,15.98285,0.27916,33.81731,6.10314,ACCELERATE
-1,6.416224,4.622823,6.694432,4.577529,15.97585,0.27916,35.2673,6.200491,LEFT_ACCELERATE
-1,6.61846,4.720428,6.445876,4.502204,15.87653,0.2791676,36.8549,6.307417,LEFT_ACCELERATE
-1,7.198976,4.962495,5.741099,4.323278,15.62025,0.2791871,38.23445,6.401858,LEFT_ACCELERATE
-1,8.367584,5.436767,4.74051,4.02154,15.11141,0.2792113,39.63783,6.502489,LEFT_ACCELERATE
-1,9.983345,6.159341,3.749362,3.586647,14.36626,0.2792159,40.88414,6.600464,LEFT_ACCELERATE
-1,-1,7.120969,2.763466,2.893832,13.35517,0.2792019,42.0506,6.70459,LEFT_ACCELERATE
-1,-1,8.009706,1.891843,2.03673,12.27157,0.2791852,43.0389,6.803229,LEFT_ACCELERATE
3.436427,-1,8.647719,1.109485,1.130074,11.12984,0.2791696,44.02652,6.904647,RIGHT_ACCELERATE
-1,-1,8.600136,0.8197355,0.6183398,10.20886,0.2790465,45.17359,7.006532,RIGHT_ACCELERATE
-1,9.505427,8.570211,1.332269,0.7212645,9.601283,0.2792214,46.4794,7.1064,RIGHT_ACCELERATE
-1,8.731618,8.366616,2.929005,1.134673,9.096832,0.2791348,47.83479,7.205178,ACCELERATE
-1,8.0017,8.033147,-1,1.736552,8.5996,0.2791826,49.18607,7.302294,LEFT_ACCELERATE
-1,7.261408,7.503985,-1,2.506156,8.02671,0.2791517,50.59008,7.404178,LEFT_ACCELERATE
-1,6.684344,6.885881,-1,3.165413,7.354836,0.2791889,51.85274,7.500406,LEFT_ACCELERATE
-1,6.2515,6.22986,-1,3.648179,6.456276,0.2791995,53.05748,7.601676,LEFT_ACCELERATE
-1,6.007039,5.715888,-1,3.935236,5.339099,0.2792059,54.09185,7.704291,LEFT_ACCELERATE
-1,5.787538,5.376002,-1,4.192175,4.106151,0.2791887,54.94775,7.805294,LEFT_ACCELERATE
-1,5.515779,5.09392,-1,4.465471,2.826306,0.2791817,55.68466,7.904574,LEFT_ACCELERATE
-1,5.459617,4.831562,-1,4.593986,1.51174,0.2791981,56.24554,8.000792,LEFT_ACCELERATE
-1,5.632211,4.697712,8.961997,4.602767,0.02355967,0.2791988,56.61687,8.104111,LEFT_ACCELERATE
-1,5.732244,4.706865,-1,-1,-1.394187,0.2791854,56.79662,8.200224,LEFT_ACCELERATE
-1,4.624157,3.773679,-1,-1,-2.922955,0.2791705,56.92167,8.303241,LEFT_ACCELERATE
-1,4.608637,3.75759,-1,-1,-4.419279,0.2791647,57.06876,8.40421,ACCELERATE
-1,4.624853,3.772534,-1,-1,-5.910638,0.2791612,57.24488,8.505039,LEFT_ACCELERATE
-1,3.699389,2.928317,-1,-1,-7.369512,0.2791605,57.39634,8.603544,LEFT_ACCELERATE
-1,1.125491,0.8227538,-1,-1,-8.852203,0.279171,57.41965,8.703284,LEFT_ACCELERATE
-1,1.492791,1.103262,-1,-1,-10.2998,0.2791712,57.30945,8.800835,LEFT_ACCELERATE
-1,1.871278,1.398635,-1,-1,-11.80639,0.2791647,57.16787,8.902441,ACCELERATE
-1,1.865453,1.39394,-1,-1,-13.33174,0.279162,57.04664,9.005175,ACCELERATE
-1,1.858518,1.388442,-1,-1,-14.81806,0.2791606,56.94301,9.105204,ACCELERATE
-1,1.853908,1.384797,-1,-1,-16.23037,0.2791604,56.853,9.200212,ACCELERATE
-1,1.851014,1.382511,-1,-1,-17.73647,0.2791606,56.76301,9.301505,ACCELERATE
-1,1.849306,1.381162,-1,-1,-19.21319,0.2791602,56.6787,9.400806,ACCELERATE
-1,1.848265,1.380341,-1,-1,-20.70593,0.2791597,56.5961,9.501176,ACCELERATE
-1,1.847825,1.379993,-1,-1,-22.22477,0.2791604,56.51384,9.603291,ACCELERATE
-1,1.847641,1.379848,-1,-1,-23.75595,0.2791602,56.43211,9.706232,ACCELERATE
-1,1.847697,1.379893,-1,-1,-25.19092,0.2791602,56.35625,9.802702,ACCELERATE
-1,1.992898,1.494945,-1,-1,-26.65606,0.2791603,56.27563,9.901216,LEFT_ACCELERATE
-1,3.573331,2.818101,-1,-1,-28.15022,0.2791648,56.12079,10.00217,LEFT_ACCELERATE
-1,6.358513,4.072404,6.616416,-1,-29.6107,0.2791865,55.79308,10.10291,LEFT_ACCELERATE
-1,5.911923,3.918604,7.113753,5.315883,-31.01063,0.2792009,55.22727,10.20467,LEFT_ACCELERATE
-1,5.192733,3.669447,7.601109,5.58458,-32.28691,0.2791881,54.47801,10.30428,LEFT_ACCELERATE
-1,4.939313,3.396053,7.77935,5.835874,-33.51927,0.2791759,53.62,10.40516,LEFT_ACCELERATE
-1,5.363665,3.233218,7.532349,5.969824,-34.74899,0.279165,52.75941,10.50595,ACCELERATE
-1,6.342706,3.242221,7.222303,5.986857,-35.92955,0.2791619,51.94693,10.60217,LEFT_ACCELERATE
-1,6.840086,3.300429,7.100785,5.93318,-37.11313,0.2791669,51.02032,10.70323,LEFT_ACCELERATE
-1,6.414005,3.303078,7.162209,5.914177,-38.17115,0.2791798,49.95773,10.80414,LEFT_ACCELERATE
-1,6.804233,3.31604,7.061227,5.921179,-39.10403,0.2791736,48.83737,10.90209,LEFT_ACCELERATE
-1,8.880957,3.46119,6.735196,5.837666,-40.06716,0.2791666,47.62233,11.0062,LEFT_ACCELERATE
-1,9.136429,3.613607,6.580312,5.694508,-40.91082,0.2791717,46.39272,11.10647,LEFT_ACCELERATE
-1,8.735305,3.720038,6.498474,5.581105,-41.60741,0.279175,45.1023,11.20507,LEFT_ACCELERATE
-1,-1,3.907364,6.206959,5.457004,-42.24417,0.2791674,43.79174,11.30291,ACCELERATE
-1,-1,4.272536,5.721367,5.241867,-42.90437,0.2791622,42.46897,11.40217,LEFT_ACCELERATE
-1,-1,4.668316,5.306782,4.915056,-43.53166,0.2791613,41.12143,11.50203,LEFT_ACCELERATE
-1,-1,4.90871,5.086599,4.561265,-44.01642,0.2791818,39.71398,11.60219,LEFT_ACCELERATE
-1,9.013076,5.0002,5.132361,4.32924,-44.30111,0.2791886,38.18321,11.70703,LEFT_ACCELERATE
-1,8.249399,5.057837,5.271621,4.220466,-44.41961,0.2791774,36.69989,11.80704,LEFT_ACCELERATE
-1,8.168859,5.128292,5.250849,4.129414,-44.50371,0.2791669,35.22045,11.90655,ACCELERATE
-1,8.344302,5.236603,5.112103,4.021422,-44.61272,0.2791622,33.75986,12.0049,ACCELERATE
-1,8.549821,5.363334,4.949834,3.895072,-44.74108,0.279161,32.30522,12.10294,ACCELERATE
-1,8.791322,5.513278,4.758547,3.745386,-44.8884,0.2791607,30.78696,12.20535,ACCELERATE
-1,9.023324,5.657904,4.574418,3.600902,-45.03306,0.2791607,29.37686,12.30052,ACCELERATE
-1,9.069683,5.798824,4.443829,3.443301,-45.18066,0.27916,27.82582,12.40513,LEFT_ACCELERATE
-1,8.414244,5.81941,4.681432,3.382799,-45.21508,0.279169,26.36882,12.50313,LEFT_ACCELERATE
-1,7.400344,5.704652,5.491053,3.53267,-45.06548,0.2791827,24.89681,12.6027,LEFT_ACCELERATE
-1,6.625811,5.455971,6.546884,3.867711,-44.76006,0.2791741,23.4,12.70537,LEFT_ACCELERATE
-1,6.160373,5.136348,7.253267,4.210093,-44.43399,0.2791651,21.95115,12.80509,ACCELERATE
-1,5.792444,4.820736,7.770575,4.522224,-44.12646,0.279162,20.47351,12.90643,RIGHT_ACCELERATE
-1,5.678357,4.555498,7.725088,4.727421,-43.90261,0.2791664,19.09347,13.00037,RIGHT_ACCELERATE
-1,5.859044,4.409517,7.269359,4.809505,-43.79558,0.2791707,17.53422,13.10543,RIGHT_ACCELERATE
-1,5.874162,4.357351,7.218148,4.853705,-43.74841,0.2791631,16.01986,13.20716,ACCELERATE
-1,5.805984,4.306865,7.293404,4.904201,-43.69707,0.2791603,14.59517,13.30287,ACCELERATE
-1,5.721806,4.245011,7.386622,4.966121,-43.6352,0.2791597,13.06715,13.40554,ACCELERATE
-1,5.633471,4.179886,7.48437,5.031293,-43.57004,0.2791596,11.56398,13.50655,RIGHT_ACCELERATE
-1,5.730943,4.136162,7.315359,5.065804,-43.53548,0.2791617,10.1411,13.60214,RIGHT_ACCELERATE
-1,6.390547,4.224681,6.632033,4.994786,-43.62962,0.2791784,8.636947,13.7035,RIGHT_ACCELERATE
-1,7.432127,4.504443,5.925967,4.788989,-43.87871,0.2791741,7.157228,13.80436,RIGHT_ACCELERATE
-1,8.11963,4.814367,5.485066,4.504798,-44.17347,0.279164,5.683047,13.90531,ACCELERATE
-1,8.55203,5.07956,5.166056,4.237478,-44.43407,0.2791602,4.294868,14.00014,LEFT_ACCELERATE
-1,8.460612,5.282128,5.039556,3.980712,-44.65693,0.2791629,2.755885,14.10462,LEFT_ACCELERATE
-1,8.336865,5.392248,5.005302,3.841158,-44.78181,0.2791609,1.24916,14.20616,ACCELERATE
-1,8.510797,5.507624,4.856613,3.725408,-44.89804,0.2791607,-0.244712,14.30675,ACCELERATE
-1,8.692974,5.625338,4.703058,3.607717,-45.01321,0.279159,-1.682131,14.40356,ACCELERATE
-1,8.885674,5.749831,4.540664,3.48325,-45.13775,0.2791604,-3.206144,14.50622,ACCELERATE
-1,9.046273,5.870344,4.391474,3.360748,-45.25771,0.2791606,-4.679667,14.60547,LEFT_ACCELERATE
-1,8.657346,5.922114,4.495984,3.282774,-45.31831,0.2791626,-6.169865,14.70569,LEFT_ACCELERATE
-1,7.751299,5.847821,5.11193,3.372761,-45.22132,0.2791821,-7.61804,14.80335,LEFT_ACCELERATE
-1,6.863055,5.642117,6.212908,3.678746,-44.94608,0.2791773,-9.067352,14.90257,LEFT_ACCELERATE
-1,6.255201,5.311681,7.206669,4.072137,-44.58455,0.2791685,-10.53441,15.00404,ACCELERATE
-1,5.958538,4.955625,7.529357,4.386065,-44.26324,0.2791652,-11.99669,15.10462,RIGHT_ACCELERATE
-1,6.036929,4.712941,7.161058,4.536733,-44.07887,0.2791739,-13.43408,15.20208,RIGHT_ACCELERATE
-1,6.114521,4.606374,6.980684,4.613279,-43.99167,0.2791657,-14.98345,15.30631,ACCELERATE
-1,6.016961,4.531476,7.091222,4.68798,-43.91659,0.2791614,-16.42213,15.40303,ACCELERATE
-1,5.902701,4.445919,7.215282,4.773609,-43.83089,0.2791599,-17.93724,15.50491,ACCELERATE
-1,5.71363,4.352958,7.370612,4.874524,-43.73155,0.2791602,-19.4281,15.60523,LEFT_ACCELERATE
-1,5.338907,4.20575,7.748423,5.061484,-43.5583,0.2791612,-20.88467,15.70376,LEFT_ACCELERATE
-1,5.195941,3.997186,7.746781,5.277072,-43.35216,0.2791608,-22.36672,15.80422,ACCELERATE
-1,5.248065,3.801617,7.596989,5.443233,-43.1541,0.2791592,-23.83105,15.90343,ACCELERATE
-1,5.52887,3.672096,7.354213,5.531173,-42.96078,0.279161,-25.28912,16.00217,ACCELERATE
-1,6.203591,3.658534,7.023946,5.541874,-42.76173,0.2791594,-26.80104,16.10455,LEFT_ACCELERATE
-1,6.745279,3.700898,6.850931,5.508037,-42.52995,0.2791626,-28.20626,16.20022,LEFT_ACCELERATE
-1,6.504745,3.699487,6.928382,5.500632,-42.12526,0.2791803,-29.68981,16.30369,LEFT_ACCELERATE
-1,5.584197,3.589073,7.34533,5.613892,-41.52719,0.2792055,-31.02545,16.4023,LEFT_ACCELERATE
-1,4.534538,3.356024,8.132607,5.914765,-40.68727,0.2792161,-32.23193,16.50146,LEFT_ACCELERATE
-1,3.661836,2.975888,9.040606,6.389673,-39.61045,0.279204,-33.3064,16.60406,LEFT_ACCELERATE
-1,3.013461,2.499129,9.654684,6.877141,-38.41851,0.2791855,-34.23399,16.70565,LEFT_ACCELERATE
-1,2.616123,2.071261,9.761261,7.226926,-37.26244,0.2791727,-35.05403,16.80085,LEFT_ACCELERATE
-1,2.517352,1.793688,9.473384,7.427644,-36.06749,0.2791637,-35.92764,16.90025,ACCELERATE
-1,2.756207,1.718035,9.047286,7.487464,-34.86337,0.2791619,-36.8446,17.00187,ACCELERATE
-1,3.485416,1.836702,8.530831,7.430518,-33.67465,0.2791617,-37.77276,17.10313,ACCELERATE
-1,5.25557,2.146714,7.932892,7.260304,-32.46865,0.2791608,-38.72817,17.20642,LEFT_ACCELERATE
-1,8.15954,2.533836,7.454994,6.975185,-31.34735,0.2791599,-39.57468,17.30079,LEFT_ACCELERATE
-1,8.37685,2.885455,7.13607,6.616593,-30.09164,0.2791772,-40.35198,17.40013,LEFT_ACCELERATE
-1,6.918846,3.089615,7.092636,6.287941,-28.68233,0.2792001,-40.95414,17.50338,LEFT_ACCELERATE
-1,6.006111,3.17751,7.224718,6.134759,-27.22218,0.2791935,-41.31683,17.60469,LEFT_ACCELERATE
-1,5.69558,3.241991,5.858761,4.99268,-25.75284,0.2791794,-41.53115,17.70449,LEFT_ACCELERATE
-1,5.866014,3.382987,5.397914,4.520782,-24.26333,0.2791671,-41.71708,17.80529,ACCELERATE
-1,6.224311,3.588106,5.415173,4.536545,-22.85014,0.2791628,-41.92032,17.90116,ACCELERATE
-1,6.640612,3.826213,5.427266,4.548211,-21.36644,0.2791609,-42.15493,18.00201,ACCELERATE
-1,-1,-1,5.434357,4.555126,-19.90499,0.2791603,-42.3994,18.1015,ACCELERATE
-1,-1,-1,5.438513,4.559207,-18.43786,0.27916,-42.65342,18.20146,ACCELERATE
-1,-1,-1,5.298934,4.421283,-16.96333,0.2791602,-42.91011,18.30194,LEFT_ACCELERATE
-1,-1,-1,3.76479,2.987525,-15.44328,0.2791645,-43.10003,18.4049,LEFT_ACCELERATE
-1,-1,-1,0.8643445,0.6269794,-14.02046,0.2791855,-43.11504,18.50065,LEFT_ACCELERATE
-1,-1,-1,3.627942,2.870179,-12.50794,0.2791893,-42.90615,18.60345,LEFT_ACCELERATE
-1,-1,-1,5.05548,4.282624,-11.05777,0.279178,-42.54935,18.70383,LEFT_ACCELERATE
-1,-1,-1,4.519573,3.890825,-9.599579,0.2791667,-42.1545,18.80528,ACCELERATE
-1,-1,-1,4.094494,3.523977,-8.197768,0.2791638,-41.80027,18.90236,ACCELERATE
-1,-1,-1,3.671053,3.158577,-6.718436,0.2791602,-41.44622,19.00448,ACCELERATE
-1,-1,-1,3.276852,2.809464,-5.252848,0.2791603,-41.10793,19.10546,ACCELERATE
-1,-1,-1,2.963771,2.478434,-3.821729,0.2791598,-40.78525,19.20395,ACCELERATE
-1,-1,-1,2.760394,2.170719,-2.326158,0.279161,-40.45329,19.3068,ACCELERATE
-1,-1,-1,2.703884,1.979239,-0.887436,0.2791598,-40.13724,19.40569,ACCELERATE
-1,-1,-1,2.825584,1.90732,0.4897954,0.2791603,-39.83573,19.50035,LEFT_ACCELERATE
-1,8.982104,-1,2.981237,1.901243,2.021512,0.2791632,-39.43947,19.60665,LEFT_ACCELERATE
-1,9.047947,7.351494,2.876517,1.862285,3.326303,0.2791831,-38.94946,19.70043,LEFT_ACCELERATE
-1,9.43598,7.48131,2.48692,1.732714,4.673096,0.2791999,-38.1892,19.80464,LEFT_ACCELERATE
-1,9.786982,7.707812,2.094117,1.512025,5.87571,0.2791893,-37.23924,19.90781,LEFT_ACCELERATE
-1,9.807578,7.903306,1.873159,1.305075,6.957617,0.2791756,-36.2251,20.00744,LEFT_ACCELERATE
-1,9.448563,7.975748,1.985315,1.236693,7.993161,0.2791676,-35.23804,20.10351,ACCELERATE
-1,8.930806,7.924516,2.581563,1.357561,9.051752,0.2791612,-34.2655,20.20003,ACCELERATE
-1,8.296626,7.749625,4.31657,1.691419,10.18188,0.279162,-33.25346,20.30188,ACCELERATE
-1,7.591825,7.455881,-1,2.241276,11.33002,0.2791606,-32.24181,20.40461,LEFT_ACCELERATE
-1,6.959612,7.013614,-1,2.87757,12.42554,0.2791623,-31.23453,20.50457,LEFT_ACCELERATE
-1,6.417313,6.418512,-1,3.465828,13.43717,0.2791775,-30.1077,20.60645,LEFT_ACCELERATE
-1,6.118636,5.85792,-1,3.821363,14.26169,0.2792038,-28.84531,20.70805,LEFT_ACCELERATE
-1,6.103271,5.463995,9.463777,3.963877,14.83321,0.2792107,-27.45712,20.8093,LEFT_ACCELERATE
-1,6.183766,5.292576,7.873435,4.022974,15.15414,0.2791968,-26.12605,20.90152,LEFT_ACCELERATE
-1,6.275462,5.2082,7.197091,4.075873,15.3741,0.2791805,-24.55135,21.00839,LEFT_ACCELERATE
-1,6.174268,5.123257,7.248504,4.188474,15.53694,0.279168,-23.16427,21.10218,ACCELERATE
-1,5.920271,4.953178,7.618058,4.399931,15.74502,0.2791629,-21.66289,21.20396,ACCELERATE
-1,5.650084,4.728918,8.01203,4.624936,15.96679,0.2791613,-20.23152,21.30121,ACCELERATE
-1,5.350548,4.476117,8.442632,4.876815,16.21821,0.2791609,-18.70519,21.40506,LEFT_ACCELERATE
-1,5.232023,4.232373,8.363997,5.062536,16.42445,0.2791609,-17.23223,21.50497,LEFT_ACCELERATE
-1,5.512255,4.11622,7.638087,5.098221,16.48975,0.2791785,-15.81827,21.60018,LEFT_ACCELERATE
-1,6.529133,4.251836,6.52273,4.976865,16.33936,0.27919,-14.26965,21.70495,LEFT_ACCELERATE
-1,7.868298,4.614029,5.700658,4.719038,16.02181,0.27918,-12.81495,21.80507,LEFT_ACCELERATE
-1,8.905671,5.024118,5.131397,4.362022,15.63921,0.2791679,-11.3279,21.90818,RIGHT_ACCELERATE
-1,9.121757,5.32241,4.835673,4.01713,15.33107,0.2791666,-9.927512,22.00452,RIGHT_ACCELERATE
-1,8.469483,5.462036,4.905059,3.773489,15.15157,0.2791839,-8.394883,22.10835,RIGHT_ACCELERATE
-1,7.43375,5.42823,5.521473,3.776682,15.18696,0.2792012,-7.03327,22.20009,RIGHT_ACCELERATE
-1,6.143655,5.248931,7.409981,4.148458,15.49571,0.2792187,-5.558267,22.30171,RIGHT_ACCELERATE
-1,4.994212,4.936121,-1,4.964962,16.07087,0.2792193,-4.207523,22.40082,RIGHT_ACCELERATE
7.288904,3.895103,4.42713,-1,6.336909,16.90631,0.2792136,-2.961879,22.50215,RIGHT_ACCELERATE
4.387741,2.763946,3.524143,-1,8.275902,17.94916,0.2791937,-1.819774,22.60641,RIGHT_ACCELERATE
2.693002,1.811504,2.442887,-1,9.978389,18.97246,0.2791779,-0.852669,22.701,RIGHT_ACCELERATE
1.27421,0.804265,1.027124,-1,-1,19.79465,0.2790636,0.226384,22.80553,LEFT_ACCELERATE
1.798486,0.8115346,0.8427313,-1,9.317192,19.84586,0.279063,1.310036,22.90328,LEFT_ACCELERATE
2.460143,0.8133224,0.7505648,-1,8.868078,19.88337,0.2792906,2.430967,23.00076,LEFT_ACCELERATE
4.619301,0.9283369,0.765169,-1,8.560195,19.83823,0.2791565,3.669875,23.10433,LEFT_ACCELERATE
9.607865,1.094597,0.8418126,-1,8.393434,19.75355,0.27918,4.963231,23.20859,LEFT_ACCELERATE
-1,1.173461,0.8893729,-1,8.334339,19.71079,0.2791534,6.145642,23.30074,ACCELERATE
-1,1.161867,0.881417,-1,8.342966,19.72439,0.2791664,7.544276,23.40643,ACCELERATE
-1,1.09842,0.8338023,-1,8.391028,19.77332,0.2791595,8.884014,23.50492,ACCELERATE
-1,1.007871,0.7653245,-1,8.459749,19.84262,0.2791621,10.24577,23.60275,ACCELERATE
9.215206,0.8989625,0.682759,-1,8.542459,19.92889,0.2791594,11.69528,23.70479,ACCELERATE
9.636217,0.7889556,0.5921581,-1,8.625196,20.01358,0.2791595,13.19046,23.8082,ACCELERATE
-1,0.7854037,0.5692092,-1,8.633649,20.03145,0.279159,14.56078,23.90157,ACCELERATE
-1,0.7852891,0.565617,-1,8.635976,20.03466,0.2791593,16.11555,24.00624,ACCELERATE
-1,0.7851874,0.5634971,-1,8.637527,20.0367,0.2791607,17.61949,24.10731,NONE
-1,0.7851089,0.5620549,-1,8.638657,20.0381,0.2791686,18.94591,24.20008,NONE
-1,0.7850265,0.5607743,-1,8.639708,20.03935,0.2791764,20.2928,24.30035,NONE
-1,0.7849569,0.5597023,-1,8.640621,20.04039,0.2791791,21.57947,24.4028,NONE
-1,0.7849051,0.5588664,-1,8.641356,20.0412,0.2791815,22.73151,24.50104,NONE
-1,0.7848606,0.5581698,-1,8.641983,20.04189,0.2791856,23.82103,24.60075,NONE
-1,0.7848133,0.5575832,-1,8.642521,20.04246,0.279187,24.84726,24.70195,NONE
-1,0.7847867,0.5571005,-1,8.642971,20.04293,0.2791902,25.81406,24.80519,NONE
-1,0.7847634,0.5567235,-1,8.643326,20.04331,0.2791919,26.68762,24.90658,NONE
-1,0.784742,0.5564117,-1,8.643623,20.04361,0.2791944,27.44208,25.00183,NONE
-1,0.7847258,0.5561459,-1,8.643879,20.04387,0.2791975,28.18068,25.10386,NONE
-1,0.7847145,0.5559395,-1,8.644077,20.04408,0.2792006,28.82646,25.20209,NONE
-1,0.7846989,0.5557656,-1,8.644247,20.04425,0.2792013,29.4087,25.30006,NONE
-1,0.7846904,0.5556205,-1,8.644388,20.04439,0.2791085,29.94563,25.40095,NONE
-1,0.784685,0.5555193,-1,8.644487,20.04449,0.2749431,30.41726,25.50084,NONE
-1,0.7846798,0.5554296,-1,8.644576,20.04458,0.2753343,30.85535,25.60729,NONE
-1,0.7846736,0.555357,-1,8.644648,20.04465,0.2756248,31.20405,25.70578,NONE
-1,0.7846696,0.5552997,-1,8.644704,20.0447,0.275715,31.49444,25.80222,NONE
-1,0.7846688,0.555252,-1,8.644752,20.04475,0.275738,31.73979,25.90043,NONE
-1,0.7846627,0.55521,-1,8.644793,20.04479,0.2757437,31.94189,26.00211,NONE
-1,0.7846611,0.5551795,-1,8.644823,20.04482,0.2757455,32.09048,26.10163,NONE
-1,0.7846578,0.5551547,-1,8.644848,20.04485,0.2757483,32.19549,26.20594,NONE
-1,0.7846592,0.5551413,-1,8.644861,20.04486,0.2757506,32.2487,26.30383,NONE
-1,0.7846605,0.5551375,-1,8.644864,20.04486,0.2757514,32.26078,26.40282,NONE
-1,0.7846649,0.5551394,-1,8.644862,20.04486,0.2757459,32.26082,26.50617,NONE
-1,0.7846659,0.5551394,-1,8.644862,20.04486,0.2757439,32.26082,26.60134,NONE
-1,0.7846658,0.5551394,-1,8.644862,20.04486,0.2757434,32.26082,26.70369,NONE
-1,0.7846658,0.5551394,-1,8.644862,20.04486,0.2757441,32.26082,26.80645,NONE
-1,0.7846658,0.5551394,-1,8.644862,20.04486,0.2757439,32.26082,26.90473,NONE
-1,0.7846658,0.5551394,-1,8.644862,20.04486,0.2757439,32.26082,27.00138,NONE
-1,0.7846658,0.5551394,-1,8.644862,20.04486,0.2757438,32.26082,27.10575,NONE
-1,0.7846658,0.5551394,-1,8.644862,20.04486,0.2757441,32.26082,27.20089,NONE